{"_default": {"1": {"user_data": {"mot_de_passe": "secret", "pseudo": "rach", "nom_prenom": "rachide ELLAR", "age": 24, "sex": 0, "taille": 1.75, "poids": 64.0, "travail": "Developpeur Python"}, "imc": 20.9}, "2": {"user_data": {"mot_de_passe": "cacher", "pseudo": "leo", "nom_prenom": "Emile", "age": 27, "sex": 0, "taille": 1.65, "poids": 72, "travail": "Enseignement"}, "imc": 26.45}, "3": {"user_data": {"mot_de_passe": "masquer", "pseudo": "anni", "nom_prenom": "Annibel", "age": 35, "sex": 1, "taille": 1.7, "poids": 95, "travail": "Medecin"}, "imc": 32.87}, "4": {"user_data": {"mot_de_passe": "mystere", "pseudo": "roxy", "nom_prenom": "Ouango Ange Marie Roxane", "age": 25, "sex": 1, "taille": 1.8, "poids": 78.0, "travail": "Ingenieur BTP"}, "imc": 24.07}, "7": {"user_data": {"mot_de_passe": "cacher123", "pseudo": "anna", "nom_prenom": "Annabel Curtz", "age": 32, "sex": 1, "taille": 1.68, "poids": 96.0, "travail": "Designeuse Web"}, "imc": 34.01}, "8": {"user_data": {"mot_de_passe": "mystere123", "pseudo": "Stone", "nom_prenom": "Stone Breaker", "age": 29, "sex": 0, "taille": 1.75, "poids": 69.0, "travail": "Entraineur Fitness"}, "imc": 22.53}, "9": {"user_data": {"mot_de_passe": "secret", "pseudo": "alexa", "nom_prenom": "Alexa Delafontaine", "age": 33, "sex": 1, "taille": 1.76, "poids": 68.0, "travail": "Actrice"}, "imc": 21.95, "sante": 0}}}